{
  "best_accuracy": {
    "weight_bits": 6,
    "act_bits": 8,
    "per_channel": true,
    "weight_symmetric": false,
    "activation_calibration": "minmax",
    "baseline_acc": 95.69,
    "quantized_acc": 95.62,
    "accuracy_drop": 0.06999999999999318,
    "relative_accuracy_drop": 0.07315288953912967,
    "fp32_size_mb": 8.532264709472656,
    "quant_size_mb": 1.7831649780273438,
    "weight_compression": 5.333333333333333,
    "activation_compression": 4.0,
    "overall_compression": 4.78489921830543,
    "metadata_kb": 133.6015625,
    "weight_size_mb": 1.5875930786132812,
    "model_size_reduction": 79.1009182351358
  },
  "best_compression_reasonable": {
    "weight_bits": 4,
    "act_bits": 8,
    "per_channel": true,
    "weight_symmetric": true,
    "activation_calibration": "minmax",
    "baseline_acc": 95.69,
    "quantized_acc": 93.85,
    "accuracy_drop": 1.8400000000000034,
    "relative_accuracy_drop": 1.922875953600171,
    "fp32_size_mb": 8.532264709472656,
    "quant_size_mb": 1.25396728515625,
    "weight_compression": 8.0,
    "activation_compression": 4.0,
    "overall_compression": 6.804216354344122,
    "metadata_kb": 133.6015625,
    "weight_size_mb": 1.0583953857421875,
    "model_size_reduction": 85.30323041004489
  },
  "best_tradeoff": {
    "weight_bits": 6,
    "act_bits": 8,
    "per_channel": true,
    "weight_symmetric": false,
    "activation_calibration": "minmax",
    "baseline_acc": 95.69,
    "quantized_acc": 95.62,
    "accuracy_drop": 0.06999999999999318,
    "relative_accuracy_drop": 0.07315288953912967,
    "fp32_size_mb": 8.532264709472656,
    "quant_size_mb": 1.7831649780273438,
    "weight_compression": 5.333333333333333,
    "activation_compression": 4.0,
    "overall_compression": 4.78489921830543,
    "metadata_kb": 133.6015625,
    "weight_size_mb": 1.5875930786132812,
    "model_size_reduction": 79.1009182351358
  },
  "best_low_bit": {
    "weight_bits": 4,
    "act_bits": 4,
    "per_channel": true,
    "weight_symmetric": false,
    "activation_calibration": "minmax",
    "baseline_acc": 95.69,
    "quantized_acc": 80.24,
    "accuracy_drop": 15.450000000000003,
    "relative_accuracy_drop": 16.145887762566623,
    "fp32_size_mb": 8.532264709472656,
    "quant_size_mb": 1.25396728515625,
    "weight_compression": 8.0,
    "activation_compression": 8.0,
    "overall_compression": 6.804216354344122,
    "metadata_kb": 133.6015625,
    "weight_size_mb": 1.0583953857421875,
    "model_size_reduction": 85.30323041004489
  }
}